star.ID,trial.type,old.day,time,status,m.date,measure.time,mussel.ID,shell.length,shell.width,shell.size,empty.shell.weight,Notes
SB_2023_ind1,Adjustment,9,1,2,15-Jun-23,9:33,1,19.3,12.3,237.39,0,
SB_2023_ind10,Adjustment,9,1,2,15-Jun-23,9:33,1,30.2,15.6,471.12,1,
SB_2023_ind10,Adjustment,9,1,2,15-Jun-23,15:22,2,27.5,14.5,398.75,0.7,
SB_2023_ind13,Adjustment,9,1,2,15-Jun-23,9:33,1,20,10.5,210,0.4,
SB_2023_ind14,Adjustment,9,1,2,15-Jun-23,9:33,1,30,15.5,465,0.9,
SB_2023_ind18,Adjustment,9,1,2,15-Jun-23,15:22,1,22.3,13.3,296.59,0.54,
SB_2023_ind19,Adjustment,9,1,2,15-Jun-23,15:22,1,35.4,18.4,651.36,1.45,
SB_2023_ind2,Adjustment,9,1,2,15-Jun-23,9:33,1,18.7,11.1,207.57,0,
SB_2023_ind20,Adjustment,9,1,2,15-Jun-23,9:33,1,23.5,13.8,324.3,0.6,
SB_2023_ind21,Adjustment,9,1,2,15-Jun-23,9:33,1,23,11.5,264.5,0.4,
SB_2023_ind22,Adjustment,9,1,2,15-Jun-23,9:33,1,19.4,10.4,201.76,0,
SB_2023_ind25,Adjustment,9,1,2,15-Jun-23,9:33,1,21.4,13.5,288.9,0.6,
SB_2023_ind28,Adjustment,9,1,2,15-Jun-23,15:22,2,24.9,14.3,356.07,0.69,
SB_2023_ind28,Adjustment,9,1,2,15-Jun-23,9:33,1,24.7,12.5,308.75,0.5,
SB_2023_ind29,Adjustment,9,1,2,15-Jun-23,9:33,1,22.3,12.9,287.67,0.4,
SB_2023_ind31,Adjustment,9,1,2,15-Jun-23,9:33,1,19.2,10.4,199.68,0,
SB_2023_ind32,Adjustment,9,1,2,15-Jun-23,9:33,1,20.2,13.7,276.74,0.3,
SB_2023_ind34,Adjustment,9,1,2,15-Jun-23,9:33,1,18,9.3,167.4,0,
SB_2023_ind35,Adjustment,9,1,2,15-Jun-23,9:33,1,22.5,14.7,330.75,0.5,
SB_2023_ind38,Adjustment,9,1,2,15-Jun-23,9:33,1,25.6,14.3,366.08,0.4,
SB_2023_ind38,Adjustment,9,1,2,15-Jun-23,15:22,2,21.8,13.3,289.94,0.28,
SB_2023_ind39,Adjustment,9,1,2,15-Jun-23,9:33,1,24.4,13.2,322.08,0.4,
SB_2023_ind4,Adjustment,9,1,2,15-Jun-23,9:33,1,17.9,10.9,195.11,0,
SB_2023_ind42,Adjustment,9,1,2,15-Jun-23,9:33,1,23.6,13,306.8,0.5,
SB_2023_ind44,Adjustment,9,1,2,15-Jun-23,9:33,1,30,17.1,513,1.3,
SB_2023_ind45,Adjustment,9,1,2,15-Jun-23,15:22,1,21.9,12.4,271.56,0.5,
SB_2023_ind47,Adjustment,9,1,2,15-Jun-23,9:33,1,29.5,15.5,457.25,0.9,
SB_2023_ind49,Adjustment,9,1,2,15-Jun-23,9:33,1,22.3,13.7,305.51,0.4,
SB_2023_ind5,Adjustment,9,1,2,15-Jun-23,9:33,1,33.5,18.8,629.8,1.1,
SB_2023_ind51,Adjustment,9,1,2,15-Jun-23,9:33,1,22.3,12,267.6,0.5,
SB_2023_ind51,Adjustment,9,1,2,15-Jun-23,15:22,2,20.3,10.6,215.18,0.46,
SB_2023_ind55,Adjustment,9,1,2,15-Jun-23,15:22,1,20,11.6,232,0.39,
SB_2023_ind56,Adjustment,9,1,2,15-Jun-23,9:33,1,31.8,19.1,607.38,2.1,
SB_2023_ind57,Adjustment,9,1,2,15-Jun-23,9:33,1,21.7,13.5,292.95,0.5,
SB_2023_ind58,Adjustment,9,1,2,15-Jun-23,9:33,1,29.1,16.7,485.97,1.2,
SB_2023_ind58,Adjustment,9,1,2,15-Jun-23,15:22,2,25.9,14.7,380.73,0.5,
SB_2023_ind6,Adjustment,9,1,2,15-Jun-23,15:22,1,34.5,19.7,679.65,1.36,
SB_2023_ind60,Adjustment,9,1,2,15-Jun-23,9:33,2,21.7,9.5,206.15,0,
SB_2023_ind60,Adjustment,9,1,2,15-Jun-23,9:33,1,18,11.2,201.6,0,
SB_2023_ind62,Adjustment,9,1,2,15-Jun-23,9:33,1,20.8,11.9,247.52,0,
SB_2023_ind63,Adjustment,9,1,2,15-Jun-23,9:33,1,27,16.5,445.5,0.8,
SB_2023_ind63,Adjustment,9,1,2,15-Jun-23,9:33,2,27,14.6,394.2,0.3,
SB_2023_ind65,Adjustment,9,1,2,15-Jun-23,9:33,1,20.5,13.8,282.9,0.3,
SB_2023_ind68,Adjustment,9,1,2,15-Jun-23,9:33,1,16.4,10.4,170.56,0,
SB_2023_ind69,Adjustment,9,1,2,15-Jun-23,9:33,1,31.5,17.3,544.95,0.9,
SB_2023_ind7,Adjustment,9,1,2,15-Jun-23,9:33,1,20.4,11.4,232.56,0.3,
SB_2023_ind70,Adjustment,9,1,2,15-Jun-23,9:33,1,18.7,11.5,215.05,0.3,
SB_2023_ind71,Adjustment,9,1,2,15-Jun-23,15:22,1,34.7,18.5,641.95,1.29,
SB_2023_ind8,Adjustment,9,1,2,15-Jun-23,9:33,1,20.5,11.2,229.6,0.1,
SB_2023_ind9,Adjustment,9,1,2,15-Jun-23,15:22,1,22.6,11.3,255.38,0.58,
SB_2023_ind17,Heat stress,10,2,2,16-Jun-23,9:34,1,32.7,17.9,585.33,1,
SB_2023_ind22,Heat stress,10,2,2,16-Jun-23,9:34,2,30.7,14.7,451.29,0.9,
SB_2023_ind29,Heat stress,10,2,2,16-Jun-23,9:34,2,17.5,11,192.5,0.16,
SB_2023_ind37,Heat stress,10,2,2,16-Jun-23,9:34,1,26.9,14.5,390.05,0.91,
SB_2023_ind41,Heat stress,10,2,2,16-Jun-23,9:34,1,31.9,16,510.4,1.05,
SB_2023_ind43,Heat stress,10,2,2,16-Jun-23,9:34,1,26.8,15,402,0.92,
SB_2023_ind48,Heat stress,10,2,2,16-Jun-23,9:34,1,24.4,13.7,334.28,0.4,
SB_2023_ind5,Heat stress,10,2,2,16-Jun-23,9:34,2,36.9,18.4,678.96,1.68,
SB_2023_ind54,Heat stress,10,2,2,16-Jun-23,9:34,1,20.1,10.3,207.03,0.35,
SB_2023_ind60,Heat stress,10,2,2,16-Jun-23,9:34,3,32,17.7,566.4,1.02,
SB_2023_ind69,Heat stress,10,2,2,16-Jun-23,9:34,2,31.4,18,565.2,1.56,
SB_2023_ind14,Heat stress,11,3,2,17-Jun-23,11:23,2,41.1,25.5,1048.05,2.9,
SB_2023_ind16,Heat stress,11,3,2,17-Jun-23,11:23,1,36.8,20.4,750.72,2.51,
SB_2023_ind2,Heat stress,11,3,2,17-Jun-23,11:23,2,29.7,16.5,490.05,1.47,
SB_2023_ind22,Heat stress,11,3,2,17-Jun-23,11:23,3,22.5,12.4,279,0.28,
SB_2023_ind24,Heat stress,11,3,2,17-Jun-23,11:23,1,31.4,15.6,489.84,1.51,
SB_2023_ind27,Heat stress,11,3,2,17-Jun-23,11:23,1,29.5,16.5,486.75,0.75,
SB_2023_ind30,Heat stress,11,3,2,17-Jun-23,11:23,1,29.2,15,438,1.02,
SB_2023_ind32,Heat stress,11,3,2,17-Jun-23,11:23,2,30,21.1,633,1.05,
SB_2023_ind35,Heat stress,11,3,2,17-Jun-23,11:23,2,21.4,11.4,243.96,0.47,
SB_2023_ind36,Heat stress,11,3,2,17-Jun-23,11:23,1,29.7,16.9,501.93,1.11,
SB_2023_ind40,Heat stress,11,3,2,17-Jun-23,11:23,1,21.7,11.9,258.23,0.45,
SB_2023_ind48,Heat stress,11,3,2,17-Jun-23,11:23,2,32.4,16.6,537.84,1.39,
SB_2023_ind56,Heat stress,11,3,2,17-Jun-23,11:23,2,21.4,12.7,271.78,0.35,
SB_2023_ind6,Heat stress,11,3,2,17-Jun-23,11:23,2,26.3,13.3,349.79,0.73,
SB_2023_ind64,Heat stress,11,3,2,17-Jun-23,11:23,1,25,13.7,342.5,0.6,
SB_2023_ind65,Heat stress,11,3,2,17-Jun-23,11:23,2,30,15,450,1.24,
SB_2023_ind69,Heat stress,11,3,2,17-Jun-23,11:23,4,25,12.7,317.5,0.47,
SB_2023_ind69,Heat stress,11,3,2,17-Jun-23,11:23,3,23.5,13.8,324.3,0.36,
SB_2023_ind10,Heat stress,12,4,2,18-Jun-23,10:31,3,22.3,11.4,254.22,0.24,
SB_2023_ind13,Heat stress,12,4,2,18-Jun-23,10:31,2,23.6,12.5,295,0.56,
SB_2023_ind17,Heat stress,12,4,2,18-Jun-23,10:31,2,24.1,13.5,325.35,0.72,
SB_2023_ind25,Heat stress,12,4,2,18-Jun-23,10:31,2,24.1,12.9,310.89,0.46,
SB_2023_ind26,Heat stress,12,4,2,18-Jun-23,10:31,1,15,9,135,0.14,
SB_2023_ind29,Heat stress,12,4,2,18-Jun-23,15:30,3,28.8,13.8,397.44,0.89,
SB_2023_ind30,Heat stress,12,4,2,18-Jun-23,10:31,2,21.9,12.8,280.32,0.4,
SB_2023_ind31,Heat stress,12,4,2,18-Jun-23,10:31,2,16.5,9.7,160.05,0.13,
SB_2023_ind33,Heat stress,12,4,2,18-Jun-23,10:31,1,26.8,13.4,359.12,0.62,
SB_2023_ind34,Heat stress,12,4,2,18-Jun-23,15:30,3,20.7,12.5,258.75,0.44,
SB_2023_ind34,Heat stress,12,4,2,18-Jun-23,10:31,2,16.6,10.1,167.66,0.22,
SB_2023_ind35,Heat stress,12,4,2,18-Jun-23,10:31,3,26.3,13.2,347.16,0.44,
SB_2023_ind37,Heat stress,12,4,2,18-Jun-23,10:31,2,27.3,15.2,414.96,0.42,
SB_2023_ind43,Heat stress,12,4,2,18-Jun-23,10:31,2,21,11.5,241.5,0.25,
SB_2023_ind44,Heat stress,12,4,2,18-Jun-23,10:31,2,34.3,18.8,644.84,1.18,
SB_2023_ind47,Heat stress,12,4,2,18-Jun-23,10:31,2,29.5,16.9,498.55,0.95,
SB_2023_ind49,Heat stress,12,4,2,18-Jun-23,15:30,3,26.2,16.4,429.68,0.63,
SB_2023_ind49,Heat stress,12,4,2,18-Jun-23,10:31,2,22.8,12.8,291.84,0.37,
SB_2023_ind5,Heat stress,12,4,2,18-Jun-23,10:31,3,21.3,12.1,257.73,0.32,
SB_2023_ind52,Heat stress,12,4,2,18-Jun-23,10:31,1,16.8,9.5,159.6,0.16,
SB_2023_ind56,Heat stress,12,4,2,18-Jun-23,15:30,3,16.7,9.4,156.98,0.16,
SB_2023_ind63,Heat stress,12,4,2,18-Jun-23,10:31,3,20.3,10.5,213.15,0.34,
SB_2023_ind66,Heat stress,12,4,2,18-Jun-23,15:30,1,27.4,15,411,0.84,
SB_2023_ind68,Heat stress,12,4,2,18-Jun-23,10:31,2,15.4,8.2,126.28,0.07,
SB_2023_ind69,Heat stress,12,4,2,18-Jun-23,10:31,5,27,13.8,372.6,0.58,
SB_2023_ind7,Heat stress,12,4,2,18-Jun-23,10:31,2,15,18.8,282,0.1,
SB_2023_ind70,Heat stress,12,4,2,18-Jun-23,15:30,2,17.5,9.1,159.25,0.38,
SB_2023_ind72,Heat stress,12,4,2,18-Jun-23,15:30,3,18.6,12.3,228.78,0.38,
SB_2023_ind72,Heat stress,12,4,2,18-Jun-23,10:31,2,10.2,6.7,68.34,0.03,
SB_2023_ind72,Heat stress,12,4,2,18-Jun-23,10:31,1,6.4,4.4,28.16,0.03,
SB_2023_ind14,Heat stress,13,5,2,19-Jun-23,15:35,3,26.4,15,396,NA,
SB_2023_ind15,Heat stress,13,5,2,19-Jun-23,11:45,1,30,15.4,462,0.76,
SB_2023_ind2,Heat stress,13,5,2,19-Jun-23,11:45,3,16,9.4,150.4,0.15,
SB_2023_ind20,Heat stress,13,5,2,19-Jun-23,11:45,2,20,10.5,210,0.22,
SB_2023_ind29,Heat stress,13,5,2,19-Jun-23,11:45,4,23.8,12.4,295.12,0.61,
SB_2023_ind3,Heat stress,13,5,2,19-Jun-23,11:45,1,30,15.1,453,0.93,
SB_2023_ind30,Heat stress,13,5,2,19-Jun-23,15:35,4,25.5,15,382.5,NA,
SB_2023_ind30,Heat stress,13,5,2,19-Jun-23,11:45,3,16.9,8.2,138.58,0.1,
SB_2023_ind31,Heat stress,13,5,2,19-Jun-23,11:45,3,13.7,7.9,108.23,0.06,
SB_2023_ind32,Heat stress,13,5,2,19-Jun-23,11:45,3,17.8,10.5,186.9,0.16,
SB_2023_ind4,Heat stress,13,5,2,19-Jun-23,15:35,2,15.2,9.8,148.96,0.1,
SB_2023_ind40,Heat stress,13,5,2,19-Jun-23,11:45,2,20,11.5,230,0.21,
SB_2023_ind43,Heat stress,13,5,2,19-Jun-23,11:45,3,18.2,8.7,158.34,0.14,
SB_2023_ind48,Heat stress,13,5,2,19-Jun-23,11:45,3,15.6,9.2,143.52,0.09,
SB_2023_ind5,Heat stress,13,5,2,19-Jun-23,11:45,4,27.3,15,409.5,0.6,
SB_2023_ind55,Heat stress,13,5,2,19-Jun-23,11:45,2,14.4,12.5,180,0.11,
SB_2023_ind55,Heat stress,13,5,2,19-Jun-23,11:45,3,8,4.5,36,0.03,
SB_2023_ind59,Heat stress,13,5,2,19-Jun-23,11:45,1,11.9,7.5,89.25,0.08,
SB_2023_ind6,Heat stress,13,5,2,19-Jun-23,15:35,4,27.9,16.7,465.93,NA,
SB_2023_ind6,Heat stress,13,5,2,19-Jun-23,15:35,3,22.8,12.6,287.28,NA,
SB_2023_ind61,Heat stress,13,5,2,19-Jun-23,11:45,1,32,17.5,560,1.11,
SB_2023_ind63,Heat stress,13,5,2,19-Jun-23,11:45,4,25.7,14.5,372.65,0.48,
SB_2023_ind67,Heat stress,13,5,2,19-Jun-23,11:45,1,16.9,9.3,157.17,0.15,
SB_2023_ind68,Heat stress,13,5,2,19-Jun-23,15:35,3,19.7,11,216.7,NA,
SB_2023_ind69,Heat stress,13,5,2,19-Jun-23,11:45,6,23.3,13.7,319.21,0.37,
SB_2023_ind7,Heat stress,13,5,2,19-Jun-23,11:45,3,23.4,13.8,322.92,0.63,
SB_2023_ind72,Heat stress,13,5,2,19-Jun-23,11:45,5,16.7,8.3,138.61,0.18,
SB_2023_ind72,Heat stress,13,5,2,19-Jun-23,11:45,4,9.5,15.8,150.1,0.03,
SB_2023_ind1,Heat stress,14,6,2,20-Jun-23,10:39,2,16.5,9.7,160.05,0.2,
SB_2023_ind10,Heat stress,14,6,2,20-Jun-23,10:39,4,25.8,15,387,0.53,
SB_2023_ind14,Heat stress,14,6,2,20-Jun-23,10:39,4,28.4,15.6,443.04,1.18,
SB_2023_ind15,Heat stress,14,6,2,20-Jun-23,10:39,2,22.7,15.7,356.39,0.5,
SB_2023_ind16,Heat stress,14,6,2,20-Jun-23,10:39,2,26,14.6,379.6,0.42,
SB_2023_ind2,Heat stress,14,6,2,20-Jun-23,10:39,4,13.5,7.8,105.3,0.09,
SB_2023_ind22,Heat stress,14,6,2,20-Jun-23,10:39,4,24.7,14,345.8,0.65,
SB_2023_ind24,Heat stress,14,6,2,20-Jun-23,10:39,3,32.6,17.9,583.54,1.56,
SB_2023_ind24,Heat stress,14,6,2,20-Jun-23,10:39,2,27,16.8,453.6,0.69,
SB_2023_ind25,Heat stress,14,6,2,20-Jun-23,10:39,3,17,8.3,141.1,0.13,
SB_2023_ind32,Heat stress,14,6,2,20-Jun-23,10:39,5,18.3,9.7,177.51,0.14,
SB_2023_ind32,Heat stress,14,6,2,20-Jun-23,10:39,4,8.8,5.4,47.52,0,
SB_2023_ind34,Heat stress,14,6,2,20-Jun-23,10:39,4,13.3,17.3,230.09,0.07,
SB_2023_ind37,Heat stress,14,6,2,20-Jun-23,10:39,3,28.9,15,433.5,0.8,
SB_2023_ind4,Heat stress,14,6,2,20-Jun-23,10:39,3,10.7,6.9,73.83,0.06,
SB_2023_ind42,Heat stress,14,6,2,20-Jun-23,10:39,2,26.4,15.2,401.28,0.65,
SB_2023_ind5,Heat stress,14,6,2,20-Jun-23,10:39,5,25,13.3,332.5,0.4,
SB_2023_ind50,Heat stress,14,6,2,20-Jun-23,10:39,1,19.5,9.5,185.25,0.32,
SB_2023_ind51,Heat stress,14,6,2,20-Jun-23,10:39,3,14,7.7,107.8,0.11,
SB_2023_ind68,Heat stress,14,6,2,20-Jun-23,10:39,4,18.6,10,186,0.17,
SB_2023_ind7,Heat stress,14,6,2,20-Jun-23,10:39,4,14,7.4,103.6,0.08,
SB_2023_ind70,Heat stress,14,6,2,20-Jun-23,10:39,3,16.7,9.3,155.31,0.16,
SB_2023_ind72,Heat stress,14,6,2,20-Jun-23,10:39,6,9,5,45,0,
SB_2023_ind13,Heat stress,15,7,2,21-Jun-23,10:19,3,19.3,10.4,200.72,0.19,
SB_2023_ind14,Heat stress,15,7,2,21-Jun-23,10:19,5,22.3,12,267.6,0.44,
SB_2023_ind16,Heat stress,15,7,2,21-Jun-23,10:19,3,15.5,9,139.5,0.16,
SB_2023_ind2,Heat stress,15,7,2,21-Jun-23,10:19,5,20.3,12.5,253.75,0.53,
SB_2023_ind25,Heat stress,15,7,2,21-Jun-23,10:19,4,19,10.4,197.6,0.29,
SB_2023_ind26,Heat stress,15,7,2,21-Jun-23,15:30,2,12.8,7.7,98.56,0.11,
SB_2023_ind29,Heat stress,15,7,2,21-Jun-23,10:19,6,18.3,10,183,0.16,
SB_2023_ind29,Heat stress,15,7,2,21-Jun-23,10:19,5,16.5,9.1,150.15,0.14,
SB_2023_ind3,Heat stress,15,7,2,21-Jun-23,10:19,2,16.6,9,149.4,0.11,
SB_2023_ind30,Heat stress,15,7,2,21-Jun-23,10:19,5,17.8,10,178,0.18,
SB_2023_ind32,Heat stress,15,7,2,21-Jun-23,10:19,6,32,15.8,505.6,1.03,
SB_2023_ind4,Heat stress,15,7,2,21-Jun-23,10:19,4,9.8,5,49,0.04,
SB_2023_ind43,Heat stress,15,7,2,21-Jun-23,10:19,6,19.6,12,235.2,0.2,
SB_2023_ind43,Heat stress,15,7,2,21-Jun-23,10:19,4,19,11,209,0.27,
SB_2023_ind43,Heat stress,15,7,2,21-Jun-23,10:19,5,10.5,6,63,0.05,
SB_2023_ind44,Heat stress,15,7,2,21-Jun-23,10:19,3,23.6,13.8,325.68,0.5,
SB_2023_ind48,Heat stress,15,7,2,21-Jun-23,10:19,5,21,12.4,260.4,0.3,
SB_2023_ind48,Heat stress,15,7,2,21-Jun-23,10:19,4,15.7,8.5,133.45,0.15,
SB_2023_ind52,Heat stress,15,7,2,21-Jun-23,10:19,2,15,9.6,144,0.14,
SB_2023_ind54,Heat stress,15,7,2,21-Jun-23,10:19,2,15.5,9.5,147.25,0.13,
SB_2023_ind57,Heat stress,15,7,2,21-Jun-23,10:19,2,12.6,7,88.2,0.09,
SB_2023_ind59,Heat stress,15,7,2,21-Jun-23,10:19,2,18,10.4,187.2,0.22,
SB_2023_ind6,Heat stress,15,7,2,21-Jun-23,10:19,5,24.1,13.7,330.17,0.6,
SB_2023_ind6,Heat stress,15,7,2,21-Jun-23,10:19,6,14,8,112,0.1,
SB_2023_ind63,Heat stress,15,7,2,21-Jun-23,10:19,5,18.3,11,201.3,0.21,
SB_2023_ind65,Heat stress,15,7,2,21-Jun-23,10:19,4,13,7.5,97.5,0.08,
SB_2023_ind65,Heat stress,15,7,2,21-Jun-23,10:19,3,8.8,4.7,41.36,0,
SB_2023_ind67,Heat stress,15,7,2,21-Jun-23,10:19,2,18.2,9.5,172.9,0.26,
SB_2023_ind68,Heat stress,15,7,2,21-Jun-23,10:19,5,12.5,7.4,92.5,0.07,
SB_2023_ind7,Heat stress,15,7,2,21-Jun-23,10:19,5,16.8,10.3,173.04,0.13,
SB_2023_ind70,Heat stress,15,7,2,21-Jun-23,10:19,4,10,5.8,58,0.05,
SB_2023_ind17,Heat stress,16,8,2,22-Jun-23,15:51,3,18.4,10,184,0.22,
SB_2023_ind26,Heat stress,16,8,2,22-Jun-23,15:51,3,13.8,7.5,103.5,0.12,
SB_2023_ind28,Heat stress,16,8,2,22-Jun-23,15:51,3,29,13.2,382.8,0.85,
SB_2023_ind32,Heat stress,16,8,2,22-Jun-23,15:51,8,16.2,8.5,137.7,0.19,
SB_2023_ind37,Heat stress,16,8,2,22-Jun-23,15:51,4,16.8,10.6,178.08,0.14,
SB_2023_ind68,Heat stress,16,8,2,22-Jun-23,15:51,6,18,10,180,0.17,
SB_2023_ind10,Heat stress,16,8,2,22-Jun-23,11:05,5,24,14,336,0.4,
SB_2023_ind13,Heat stress,16,8,2,22-Jun-23,11:05,4,13.7,8.3,113.71,0.11,
SB_2023_ind14,Heat stress,16,8,2,22-Jun-23,11:05,6,24.6,13.2,324.72,0.49,
SB_2023_ind15,Heat stress,16,8,2,22-Jun-23,11:05,3,13,7.6,98.8,0.08,
SB_2023_ind16,Heat stress,16,8,2,22-Jun-23,11:05,4,22,12.6,277.2,0.37,
SB_2023_ind20,Heat stress,16,8,2,22-Jun-23,11:05,3,18.5,11,203.5,0.22,
SB_2023_ind24,Heat stress,16,8,2,22-Jun-23,11:05,4,14.7,7.6,111.72,0.09,
SB_2023_ind29,Heat stress,16,8,2,22-Jun-23,11:05,7,24.5,12.4,303.8,0.62,
SB_2023_ind3,Heat stress,16,8,2,22-Jun-23,11:05,3,20.2,12.1,244.42,0.25,
SB_2023_ind32,Heat stress,16,8,2,22-Jun-23,11:05,7,23.4,13.2,308.88,0.42,
SB_2023_ind34,Heat stress,16,8,2,22-Jun-23,11:05,5,14.5,8.7,126.15,0.13,
SB_2023_ind35,Heat stress,16,8,2,22-Jun-23,11:05,4,19.5,10.2,198.9,0.22,
SB_2023_ind38,Heat stress,16,8,2,22-Jun-23,11:05,3,23.3,12,279.6,0.42,
SB_2023_ind4,Heat stress,16,8,2,22-Jun-23,11:05,5,18,9.5,171,0.22,
SB_2023_ind44,Heat stress,16,8,2,22-Jun-23,11:05,4,25.7,13.6,349.52,0.7,
SB_2023_ind47,Heat stress,16,8,2,22-Jun-23,11:05,4,21.3,12.5,266.25,0.43,
SB_2023_ind47,Heat stress,16,8,2,22-Jun-23,11:05,3,17.4,10.5,182.7,0.16,
SB_2023_ind48,Heat stress,16,8,2,22-Jun-23,11:05,6,27.4,15.1,413.74,0.71,
SB_2023_ind5,Heat stress,16,8,2,22-Jun-23,11:05,6,24.3,13.5,328.05,0.43,
SB_2023_ind50,Heat stress,16,8,2,22-Jun-23,11:05,2,15,8.8,132,0.1,
SB_2023_ind55,Heat stress,16,8,2,22-Jun-23,11:05,4,10.9,6,65.4,0.07,
SB_2023_ind61,Heat stress,16,8,2,22-Jun-23,11:05,2,14.3,8.3,118.69,0.11,
SB_2023_ind63,Heat stress,16,8,2,22-Jun-23,11:05,6,20.7,11.5,238.05,0.29,
SB_2023_ind64,Heat stress,16,8,2,22-Jun-23,11:05,2,23.6,14,330.4,0.42,
SB_2023_ind65,Heat stress,16,8,2,22-Jun-23,11:05,5,17,9.3,158.1,0.15,
SB_2023_ind69,Heat stress,16,8,2,22-Jun-23,11:05,7,37.3,19.7,734.81,1.5,
SB_2023_ind69,Heat stress,16,8,2,22-Jun-23,11:05,8,8.7,5.2,45.24,0,
SB_2023_ind7,Heat stress,16,8,2,22-Jun-23,11:05,6,14.1,8,112.8,0.1,
SB_2023_ind1,Heat stress,17,9,2,23-Jun-23,15:58,4,13.6,7.6,103.36,NA,
SB_2023_ind1,Heat stress,17,9,2,23-Jun-23,13:08,3,10.6,6.9,73.14,0.07,
SB_2023_ind10,Heat stress,17,9,2,23-Jun-23,13:08,6,20.4,11,224.4,0.33,
SB_2023_ind12,Heat stress,17,9,2,23-Jun-23,13:08,1,11,6.7,73.7,0.05,
SB_2023_ind13,Heat stress,17,9,2,23-Jun-23,13:08,5,15.3,8.5,130.05,NA,
SB_2023_ind13,Heat stress,17,9,2,23-Jun-23,13:08,6,15.1,7.7,116.27,NA,
SB_2023_ind15,Heat stress,17,9,2,23-Jun-23,13:08,5,18.7,10.7,200.09,0.19,
SB_2023_ind15,Heat stress,17,9,2,23-Jun-23,13:08,4,16.5,9.4,155.1,0.13,
SB_2023_ind2,Heat stress,17,9,2,23-Jun-23,13:08,6,11.3,7,79.1,0.07,
SB_2023_ind2,Heat stress,17,9,2,23-Jun-23,13:08,7,8.9,5,44.5,0.04,
SB_2023_ind24,Heat stress,17,9,2,23-Jun-23,13:08,5,22.7,12.2,276.94,NA,
SB_2023_ind24,Heat stress,17,9,2,23-Jun-23,13:08,6,14.8,8.6,127.28,NA,
SB_2023_ind28,Heat stress,17,9,2,23-Jun-23,15:58,5,18.7,10.3,192.61,NA,
SB_2023_ind28,Heat stress,17,9,2,23-Jun-23,13:08,4,12,6.8,81.6,0.08,
SB_2023_ind29,Heat stress,17,9,2,23-Jun-23,13:08,8,14.4,7.9,113.76,NA,
SB_2023_ind29,Heat stress,17,9,2,23-Jun-23,13:08,9,13.2,7.4,97.68,NA,
SB_2023_ind33,Heat stress,17,9,2,23-Jun-23,13:08,2,15.4,8.4,129.36,0.11,
SB_2023_ind37,Heat stress,17,9,2,23-Jun-23,13:08,5,23.1,12.4,286.44,0.43,
SB_2023_ind39,Heat stress,17,9,2,23-Jun-23,13:08,2,19.3,10.6,204.58,0.24,
SB_2023_ind40,Heat stress,17,9,2,23-Jun-23,13:08,3,22.4,13.4,300.16,0.36,
SB_2023_ind43,Heat stress,17,9,2,23-Jun-23,13:08,7,26.6,14.7,391.02,0.7,
SB_2023_ind47,Heat stress,17,9,2,23-Jun-23,13:08,5,30.4,15.3,465.12,0.77,
SB_2023_ind49,Heat stress,17,9,2,23-Jun-23,13:08,4,17.5,10.2,178.5,0.19,
SB_2023_ind5,Heat stress,17,9,2,23-Jun-23,13:08,7,35.1,17.3,607.23,NA,
SB_2023_ind51,Heat stress,17,9,2,23-Jun-23,13:08,4,19.2,9.3,178.56,0.17,
SB_2023_ind51,Heat stress,17,9,2,23-Jun-23,13:08,5,12.7,7,88.9,0.06,
SB_2023_ind52,Heat stress,17,9,2,23-Jun-23,13:08,3,17.3,9.4,162.62,0.19,
SB_2023_ind52,Heat stress,17,9,2,23-Jun-23,13:08,4,11,6.4,70.4,0.06,
SB_2023_ind54,Heat stress,17,9,2,23-Jun-23,13:08,3,19.3,11,212.3,0.29,
SB_2023_ind55,Heat stress,17,9,2,23-Jun-23,13:08,5,13.8,7.3,100.74,0.08,
SB_2023_ind56,Heat stress,17,9,2,23-Jun-23,13:08,4,22.5,12.4,279,0.44,
SB_2023_ind6,Heat stress,17,9,2,23-Jun-23,13:08,7,19.3,10.5,202.65,0.17,
SB_2023_ind62,Heat stress,17,9,2,23-Jun-23,13:08,2,23.2,12.4,287.68,0.29,
SB_2023_ind63,Heat stress,17,9,2,23-Jun-23,13:08,8,23.8,12.5,297.5,0.22,
SB_2023_ind63,Heat stress,17,9,2,23-Jun-23,13:08,7,15.8,9.7,153.26,0.18,
SB_2023_ind64,Heat stress,17,9,2,23-Jun-23,13:08,3,22.2,12.7,281.94,0.3,
SB_2023_ind65,Heat stress,17,9,2,23-Jun-23,13:08,6,21.6,12.9,278.64,0.28,
SB_2023_ind68,Heat stress,17,9,2,23-Jun-23,13:08,7,14.5,7.8,113.1,0.08,
SB_2023_ind7,Heat stress,17,9,2,23-Jun-23,13:08,7,19.4,10.2,197.88,0.39,
SB_2023_ind70,Heat stress,17,9,2,23-Jun-23,13:08,6,12.3,7.3,89.79,0.08,
SB_2023_ind70,Heat stress,17,9,2,23-Jun-23,13:08,5,11.5,6,69,0.05,
SB_2023_ind72,Heat stress,17,9,2,23-Jun-23,13:08,7,10.7,6.4,68.48,NA,
SB_2023_ind1,Heat stress,18,10,2,24-Jun-23,12:54,5,22.8,11.2,255.36,0.24,
SB_2023_ind10,Heat stress,18,10,2,24-Jun-23,12:54,7,21.4,13.3,284.62,0.29,
SB_2023_ind13,Heat stress,18,10,2,24-Jun-23,12:54,7,14.8,8.5,125.8,0.06,
SB_2023_ind15,Heat stress,18,10,2,24-Jun-23,12:54,6,19.5,11.3,220.35,0.26,
SB_2023_ind17,Heat stress,18,10,2,24-Jun-23,12:54,4,14.6,7.5,109.5,0.14,
SB_2023_ind2,Heat stress,18,10,2,24-Jun-23,12:54,8,13.8,7.5,103.5,0.1,
SB_2023_ind2,Heat stress,18,10,2,24-Jun-23,12:54,9,10.4,8.4,87.36,0.05,
SB_2023_ind20,Heat stress,18,10,2,24-Jun-23,15:50,4,23.5,14.5,340.75,0.54,
SB_2023_ind22,Heat stress,18,10,2,24-Jun-23,12:54,5,23.7,12.3,291.51,0.34,
SB_2023_ind22,Heat stress,18,10,2,24-Jun-23,12:54,6,11.4,6.4,72.96,0,
SB_2023_ind22,Heat stress,18,10,2,24-Jun-23,12:54,8,11.3,6.5,73.45,0,
SB_2023_ind22,Heat stress,18,10,2,24-Jun-23,12:54,7,10.4,5.8,60.32,0,
SB_2023_ind24,Heat stress,18,10,2,24-Jun-23,12:54,7,17.7,10.7,189.39,0.24,
SB_2023_ind25,Heat stress,18,10,2,24-Jun-23,12:54,5,22.5,12.4,279,0.42,
SB_2023_ind30,Heat stress,18,10,2,24-Jun-23,15:50,6,23.2,12.7,294.64,0.31,
SB_2023_ind32,Heat stress,18,10,2,24-Jun-23,12:54,9,20.2,12.6,254.52,0.26,
SB_2023_ind33,Heat stress,18,10,2,24-Jun-23,12:54,3,25.8,12.8,330.24,0.57,
SB_2023_ind39,Heat stress,18,10,2,24-Jun-23,12:54,3,20,10.8,216,0.28,
SB_2023_ind42,Heat stress,18,10,2,24-Jun-23,12:54,3,25.7,13.5,346.95,0.56,
SB_2023_ind42,Heat stress,18,10,2,24-Jun-23,12:54,4,15.6,8.8,137.28,0.11,
SB_2023_ind44,Heat stress,18,10,2,24-Jun-23,12:54,5,30.5,16.7,509.35,0.98,
SB_2023_ind47,Heat stress,18,10,2,24-Jun-23,12:54,6,18.6,9.7,180.42,0.14,
SB_2023_ind48,Heat stress,18,10,2,24-Jun-23,12:54,7,29.6,16.5,488.4,0.83,
SB_2023_ind48,Heat stress,18,10,2,24-Jun-23,12:54,8,21.9,12.5,273.75,0.33,
SB_2023_ind49,Heat stress,18,10,2,24-Jun-23,12:54,5,29.5,16.2,477.9,0.58,
SB_2023_ind51,Heat stress,18,10,2,24-Jun-23,12:54,6,15.6,8.3,129.48,0.1,
SB_2023_ind52,Heat stress,18,10,2,24-Jun-23,12:54,5,16.8,9.6,161.28,0.22,
SB_2023_ind54,Heat stress,18,10,2,24-Jun-23,12:54,4,9.6,5.8,55.68,0,
SB_2023_ind55,Heat stress,18,10,2,24-Jun-23,12:54,6,17.1,10.5,179.55,0.14,
SB_2023_ind57,Heat stress,18,10,2,24-Jun-23,12:54,3,14.4,9.7,139.68,0.13,
SB_2023_ind59,Heat stress,18,10,2,24-Jun-23,12:54,3,19.4,10.6,205.64,0.22,
SB_2023_ind6,Heat stress,18,10,2,24-Jun-23,12:54,8,19.6,11.7,229.32,0.23,
SB_2023_ind6,Heat stress,18,10,2,24-Jun-23,12:54,9,11.7,7.3,85.41,0,
SB_2023_ind61,Heat stress,18,10,2,24-Jun-23,12:54,3,18,11.2,201.6,0.31,
SB_2023_ind63,Heat stress,18,10,2,24-Jun-23,12:54,9,21.4,10.7,228.98,0.33,
SB_2023_ind63,Heat stress,18,10,2,24-Jun-23,12:54,10,17.7,9.9,175.23,0.15,
SB_2023_ind68,Heat stress,18,10,2,24-Jun-23,12:54,8,7.9,5,39.5,0,
SB_2023_ind70,Heat stress,18,10,2,24-Jun-23,12:54,7,11.8,7.3,86.14,0,
SB_2023_ind72,Heat stress,18,10,2,24-Jun-23,15:50,9,10.2,5.4,55.08,0,
SB_2023_ind72,Heat stress,18,10,2,24-Jun-23,12:54,8,9.4,5.4,50.76,0,
SB_2023_ind1,Heat stress,19,11,2,25-Jun-23,14:57,6,12.6,7.3,91.98,0,
SB_2023_ind10,Heat stress,19,11,2,25-Jun-23,14:57,8,22.7,11.6,263.32,0.4,
SB_2023_ind13,Heat stress,19,11,2,25-Jun-23,14:57,8,19.7,10.4,204.88,0.22,
SB_2023_ind16,Heat stress,19,11,2,25-Jun-23,14:57,5,32.3,17.5,565.25,0.92,
SB_2023_ind17,Heat stress,19,11,2,25-Jun-23,14:57,5,24.4,13.2,322.08,0.41,
SB_2023_ind2,Heat stress,19,11,2,25-Jun-23,14:57,10,17.5,10.2,178.5,0.18,
SB_2023_ind20,Heat stress,19,11,2,25-Jun-23,14:57,5,9.4,5.4,50.76,0,
SB_2023_ind24,Heat stress,19,11,2,25-Jun-23,14:57,8,21.8,12.6,274.68,0.32,
SB_2023_ind29,Heat stress,19,11,2,25-Jun-23,14:57,10,14.4,8.7,125.28,0.15,
SB_2023_ind30,Heat stress,19,11,2,25-Jun-23,14:57,7,18.3,9.6,175.68,0.18,
SB_2023_ind31,Heat stress,19,11,2,25-Jun-23,14:57,4,13.8,8.1,111.78,0,
SB_2023_ind32,Heat stress,19,11,2,25-Jun-23,14:57,10,29.5,14.8,436.6,0.61,
SB_2023_ind37,Heat stress,19,11,2,25-Jun-23,14:57,6,26.2,14.8,387.76,0.55,
SB_2023_ind38,Heat stress,19,11,2,25-Jun-23,14:57,4,25,14.2,355,0.38,
SB_2023_ind4,Heat stress,19,11,2,25-Jun-23,14:57,6,15.4,8.8,135.52,0.1,
SB_2023_ind40,Heat stress,19,11,2,25-Jun-23,14:57,4,16.8,9.7,162.96,0.13,
SB_2023_ind42,Heat stress,19,11,2,25-Jun-23,14:57,5,17.4,11.7,203.58,0.21,
SB_2023_ind43,Heat stress,19,11,2,25-Jun-23,14:57,9,25.8,15.3,394.74,0.43,
SB_2023_ind43,Heat stress,19,11,2,25-Jun-23,14:57,8,12.4,6.8,84.32,0,
SB_2023_ind44,Heat stress,19,11,2,25-Jun-23,14:57,6,19.5,8.3,161.85,0.24,
SB_2023_ind47,Heat stress,19,11,2,25-Jun-23,14:57,7,22.7,13.3,301.91,0.3,
SB_2023_ind50,Heat stress,19,11,2,25-Jun-23,14:57,3,16.7,8.7,145.29,0.15,
SB_2023_ind51,Heat stress,19,11,2,25-Jun-23,14:57,7,12.2,8.6,104.92,0.13,
SB_2023_ind55,Heat stress,19,11,2,25-Jun-23,14:57,7,15.5,9.3,144.15,0.12,
SB_2023_ind57,Heat stress,19,11,2,25-Jun-23,14:57,4,16.8,10.4,174.72,0.07,
SB_2023_ind6,Heat stress,19,11,2,25-Jun-23,14:57,11,23.2,12.5,290,0.31,
SB_2023_ind6,Heat stress,19,11,2,25-Jun-23,14:57,10,12.3,7,86.1,0,
SB_2023_ind64,Heat stress,19,11,2,25-Jun-23,14:57,4,25.2,13.5,340.2,0.38,
SB_2023_ind64,Heat stress,19,11,2,25-Jun-23,14:57,5,13.6,7.4,100.64,0,
SB_2023_ind65,Heat stress,19,11,2,25-Jun-23,15:44,7,18,10.3,185.4,0.21,
SB_2023_ind66,Heat stress,19,11,2,25-Jun-23,14:57,2,19.7,11,216.7,0.3,
SB_2023_ind68,Heat stress,19,11,2,25-Jun-23,14:57,9,25.3,15,379.5,0.61,
SB_2023_ind68,Heat stress,19,11,2,25-Jun-23,14:57,10,18.2,9.1,165.62,0.2,
SB_2023_ind10,Heat stress,20,12,2,26-Jun-23,14:42,9,25.5,15,382.5,0.59,
SB_2023_ind12,Heat stress,20,12,2,26-Jun-23,14:42,2,17.4,9.5,165.3,0.13,
SB_2023_ind14,Heat stress,20,12,2,26-Jun-23,14:42,7,16.7,10.3,172.01,0.13,
SB_2023_ind17,Heat stress,20,12,2,26-Jun-23,14:42,6,14.6,7.7,112.42,0,
SB_2023_ind20,Heat stress,20,12,2,26-Jun-23,14:42,6,14,7.4,103.6,0,
SB_2023_ind24,Heat stress,20,12,2,26-Jun-23,14:42,9,26,13.5,351,0.59,
SB_2023_ind25,Heat stress,20,12,2,26-Jun-23,14:42,6,19.5,11.4,222.3,0.16,
SB_2023_ind28,Heat stress,20,12,2,26-Jun-23,14:42,6,22.5,12.7,285.75,0.42,
SB_2023_ind29,Heat stress,20,12,2,26-Jun-23,14:42,11,25.4,14.7,373.38,0.5,
SB_2023_ind30,Heat stress,20,12,2,26-Jun-23,14:42,8,24.7,15.4,380.38,0.51,
SB_2023_ind34,Heat stress,20,12,2,26-Jun-23,14:42,6,15,8.5,127.5,0.1,
SB_2023_ind34,Heat stress,20,12,2,26-Jun-23,14:42,7,8.7,5.3,46.11,0,
SB_2023_ind38,Heat stress,20,12,2,26-Jun-23,14:42,5,20.9,10.6,221.54,0.19,
SB_2023_ind40,Heat stress,20,12,2,26-Jun-23,14:42,5,23.3,13.4,312.22,0.34,
SB_2023_ind41,Heat stress,20,12,2,26-Jun-23,14:42,3,24.7,13.3,328.51,0.49,
SB_2023_ind41,Heat stress,20,12,2,26-Jun-23,14:42,2,17.7,10.3,182.31,0.2,
SB_2023_ind47,Heat stress,20,12,2,26-Jun-23,14:42,8,20.1,11.8,237.18,0.25,
SB_2023_ind48,Heat stress,20,12,2,26-Jun-23,14:42,9,15.1,8.2,123.82,0.12,
SB_2023_ind5,Heat stress,20,12,2,26-Jun-23,14:42,8,32.6,17,554.2,1.1,
SB_2023_ind50,Heat stress,20,12,2,26-Jun-23,14:42,4,10.9,6,65.4,0,
SB_2023_ind57,Heat stress,20,12,2,26-Jun-23,14:42,5,18.8,10.5,197.4,0.22,
SB_2023_ind59,Heat stress,20,12,2,26-Jun-23,14:42,4,15.7,9.3,146.01,0.11,
SB_2023_ind61,Heat stress,20,12,2,26-Jun-23,14:42,4,16.7,9.7,161.99,0.15,
SB_2023_ind67,Heat stress,20,12,2,26-Jun-23,14:42,3,11.7,7,81.9,0.07,
SB_2023_ind69,Heat stress,20,12,2,26-Jun-23,14:42,9,22,12.3,270.6,0.38,
SB_2023_ind7,Heat stress,20,12,2,26-Jun-23,14:42,8,19.5,11.1,216.45,0.21,
SB_2023_ind7,Heat stress,20,12,2,26-Jun-23,14:42,9,15.6,8.8,137.28,0.07,
SB_2023_ind70,Heat stress,20,12,2,26-Jun-23,14:42,8,12.5,7.5,93.75,0,
SB_2023_ind72,Heat stress,20,12,2,26-Jun-23,14:42,10,10.7,6,64.2,0,
SB_2023_ind13,Heat stress,21,13,2,27-Jun-23,13:31,9,22.1,12.5,276.25,0.44,
SB_2023_ind2,Heat stress,21,13,2,27-Jun-23,13:31,11,21.6,11.7,252.72,0.4,
SB_2023_ind20,Heat stress,21,13,2,27-Jun-23,13:31,7,24.7,16.8,414.96,0.63,
SB_2023_ind25,Heat stress,21,13,2,27-Jun-23,13:31,7,24.5,13.5,330.75,0.44,
SB_2023_ind31,Heat stress,21,13,2,27-Jun-23,13:31,5,15.6,8.5,132.6,0.13,
SB_2023_ind38,Heat stress,21,13,2,27-Jun-23,13:31,6,14.9,9.2,137.08,0.12,
SB_2023_ind4,Heat stress,21,13,2,27-Jun-23,13:31,7,12.4,6.8,84.32,0,
SB_2023_ind44,Heat stress,21,13,2,27-Jun-23,13:31,7,32.4,17.8,576.72,1.3,
SB_2023_ind47,Heat stress,21,13,2,27-Jun-23,13:31,9,20.1,11.7,235.17,0.24,
SB_2023_ind48,Heat stress,21,13,2,27-Jun-23,15:46,10,30,15.3,459,0.75,
SB_2023_ind49,Heat stress,21,13,2,27-Jun-23,13:31,6,19.9,10.8,214.92,0.29,
SB_2023_ind49,Heat stress,21,13,2,27-Jun-23,13:31,7,18.8,10.6,199.28,0.2,
SB_2023_ind5,Heat stress,21,13,2,27-Jun-23,15:46,9,23,14.5,333.5,0.45,
SB_2023_ind50,Heat stress,21,13,2,27-Jun-23,13:31,5,14.5,8.3,120.35,0.11,
SB_2023_ind52,Heat stress,21,13,2,27-Jun-23,13:31,6,10.7,6.5,69.55,0,
SB_2023_ind54,Heat stress,21,13,2,27-Jun-23,13:31,5,14.2,7.4,105.08,0.08,
SB_2023_ind55,Heat stress,21,13,2,27-Jun-23,13:31,8,9.4,6,56.4,0,
SB_2023_ind55,Heat stress,21,13,2,27-Jun-23,13:31,9,9.3,5.6,52.08,0,
SB_2023_ind57,Heat stress,21,13,2,27-Jun-23,13:31,6,16.9,9.7,163.93,0.2,
SB_2023_ind6,Heat stress,21,13,2,27-Jun-23,13:31,12,20.3,11.3,229.39,0.29,
SB_2023_ind60,Heat stress,21,13,2,27-Jun-23,13:31,4,18,10.4,187.2,0.19,
SB_2023_ind62,Heat stress,21,13,2,27-Jun-23,13:31,3,25.4,14.4,365.76,0.43,
SB_2023_ind62,Heat stress,21,13,2,27-Jun-23,15:46,4,10.9,6.6,71.94,0,
SB_2023_ind63,Heat stress,21,13,2,27-Jun-23,13:31,11,14.4,11.1,159.84,0.22,
SB_2023_ind65,Heat stress,21,13,2,27-Jun-23,13:31,8,23.4,12.5,292.5,0.39,
SB_2023_ind72,Heat stress,21,13,2,27-Jun-23,13:31,11,10.7,6.8,72.76,0,
SB_2023_ind10,Heat stress,22,14,2,28-Jun-23,14:41,10,25.4,13.9,353.06,0.61,
SB_2023_ind12,Heat stress,22,14,2,28-Jun-23,14:41,3,16.1,9.1,146.51,0.11,
SB_2023_ind12,Heat stress,22,14,2,28-Jun-23,14:41,4,14.6,9.7,141.62,0.15,
SB_2023_ind15,Heat stress,22,14,2,28-Jun-23,14:41,7,19.7,11.9,234.43,0.2,
SB_2023_ind16,Heat stress,22,14,2,28-Jun-23,14:41,6,20.2,12,242.4,0.3,
SB_2023_ind22,Heat stress,22,14,2,28-Jun-23,14:41,9,27.3,14.3,390.39,0.72,
SB_2023_ind22,Heat stress,22,14,2,28-Jun-23,14:41,10,18.5,10.7,197.95,0.19,
SB_2023_ind24,Heat stress,22,14,2,28-Jun-23,14:41,10,21.4,10.7,228.98,0.22,
SB_2023_ind25,Heat stress,22,14,2,28-Jun-23,14:41,8,15.4,9,138.6,0.07,
SB_2023_ind26,Heat stress,22,14,2,28-Jun-23,14:41,4,11,8.6,94.6,0.13,
SB_2023_ind27,Heat stress,22,14,2,28-Jun-23,14:41,2,16.9,10.3,174.07,0.17,
SB_2023_ind31,Heat stress,22,14,2,28-Jun-23,14:41,6,11.1,6.2,68.82,0,
SB_2023_ind32,Heat stress,22,14,2,28-Jun-23,14:41,11,25.2,14.3,360.36,0.41,
SB_2023_ind33,Heat stress,22,14,2,28-Jun-23,14:41,4,13.8,8.4,115.92,0,
SB_2023_ind34,Heat stress,22,14,2,28-Jun-23,14:41,8,16.7,10,167,0.21,
SB_2023_ind39,Heat stress,22,14,2,28-Jun-23,14:41,4,19.3,11.5,221.95,0.29,
SB_2023_ind4,Heat stress,22,14,2,28-Jun-23,14:41,8,12.2,7.1,86.62,0,
SB_2023_ind48,Heat stress,22,14,2,28-Jun-23,14:41,11,31.8,11.2,356.16,0.94,
SB_2023_ind49,Heat stress,22,14,2,28-Jun-23,14:41,8,26.4,14.5,382.8,0.56,
SB_2023_ind51,Heat stress,22,14,2,28-Jun-23,14:41,8,16.3,9.7,158.11,0.11,
SB_2023_ind52,Heat stress,22,14,2,28-Jun-23,14:41,7,12.8,7.2,92.16,0,
SB_2023_ind55,Heat stress,22,14,2,28-Jun-23,14:41,11,11.5,6.2,71.3,0,
SB_2023_ind55,Heat stress,22,14,2,28-Jun-23,14:41,10,11.2,5.8,64.96,0,
SB_2023_ind6,Heat stress,22,14,2,28-Jun-23,14:41,13,23,11.8,271.4,0.33,
SB_2023_ind61,Heat stress,22,14,2,28-Jun-23,14:41,5,13.7,7.5,102.75,0,
SB_2023_ind61,Heat stress,22,14,2,28-Jun-23,14:41,6,9.2,7.4,68.08,0.07,
SB_2023_ind63,Heat stress,22,14,2,28-Jun-23,14:41,12,37.3,19.1,712.43,1.09,
SB_2023_ind7,Heat stress,22,14,2,28-Jun-23,14:41,10,18,10.5,189,0.25,
SB_2023_ind72,Heat stress,22,14,2,28-Jun-23,14:41,12,13,7.9,102.7,0,
SB_2023_ind14,Heat stress,23,15,2,29-Jun-23,14:24,8,15.4,9,138.6,0.11,
SB_2023_ind15,Heat stress,23,15,2,29-Jun-23,14:24,8,26,16,416,0.65,
SB_2023_ind17,Heat stress,23,15,2,29-Jun-23,14:24,7,19.4,12.2,236.68,0.24,
SB_2023_ind2,Heat stress,23,15,2,29-Jun-23,14:24,12,19.6,11.1,217.56,0.26,
SB_2023_ind28,Heat stress,23,15,2,29-Jun-23,14:24,7,21.5,10.7,230.05,0.32,
SB_2023_ind29,Heat stress,23,15,2,29-Jun-23,14:24,13,18.3,9.7,177.51,0.17,
SB_2023_ind29,Heat stress,23,15,2,29-Jun-23,14:24,12,17.6,10.2,179.52,0.13,
SB_2023_ind30,Heat stress,23,15,2,29-Jun-23,14:24,9,26.6,15.6,414.96,0.57,
SB_2023_ind35,Heat stress,23,15,2,29-Jun-23,14:24,5,26.3,14.2,373.46,0.68,
SB_2023_ind41,Heat stress,23,15,2,29-Jun-23,14:24,4,31.6,27.8,878.48,1.02,
SB_2023_ind41,Heat stress,23,15,2,29-Jun-23,14:24,5,11.7,6.7,78.39,0,
SB_2023_ind42,Heat stress,23,15,2,29-Jun-23,15:41,6,27.7,13.8,382.26,0.65,
SB_2023_ind43,Heat stress,23,15,2,29-Jun-23,14:24,11,25.2,12.8,322.56,0.29,
SB_2023_ind43,Heat stress,23,15,2,29-Jun-23,14:24,10,21.7,11.8,256.06,0.28,
SB_2023_ind47,Heat stress,23,15,2,29-Jun-23,14:24,10,19.3,11.5,221.95,0.22,
SB_2023_ind49,Heat stress,23,15,2,29-Jun-23,14:24,9,24.9,13.8,343.62,0.43,
SB_2023_ind50,Heat stress,23,15,2,29-Jun-23,15:41,6,15.9,8.8,139.92,0.13,
SB_2023_ind54,Heat stress,23,15,2,29-Jun-23,14:24,6,6.6,8.4,55.44,0.07,
SB_2023_ind55,Heat stress,23,15,2,29-Jun-23,14:24,12,6.8,10,68,0.12,
SB_2023_ind56,Heat stress,23,15,2,29-Jun-23,14:24,5,17.1,9.3,159.03,0.17,
SB_2023_ind62,Heat stress,23,15,2,29-Jun-23,14:24,5,21.8,12.3,268.14,0.25,
SB_2023_ind63,Heat stress,23,15,2,29-Jun-23,14:24,13,19.8,11.3,223.74,0.22,
SB_2023_ind63,Heat stress,23,15,2,29-Jun-23,14:24,14,10.8,6.3,68.04,0.08,
SB_2023_ind65,Heat stress,23,15,2,29-Jun-23,14:24,9,18.7,11,205.7,0.16,
SB_2023_ind68,Heat stress,23,15,2,29-Jun-23,14:24,11,20.5,10.1,207.05,0.24,
SB_2023_ind70,Heat stress,23,15,2,29-Jun-23,14:24,10,15,9,135,0.14,
SB_2023_ind70,Heat stress,23,15,2,29-Jun-23,14:24,9,11.3,6.7,75.71,0,
SB_2023_ind1,Heat stress,24,16,2,30-Jun-23,13:23,7,17,9.5,161.5,0.144,
SB_2023_ind13,Heat stress,24,16,2,30-Jun-23,13:23,10,25,12.5,312.5,0.48,
SB_2023_ind14,Heat stress,24,16,2,30-Jun-23,13:23,9,24.5,13.7,335.65,0.52,
SB_2023_ind15,Heat stress,24,16,2,30-Jun-23,13:23,9,8.4,4.7,39.48,0,
SB_2023_ind20,Heat stress,24,16,2,30-Jun-23,13:23,8,24.6,12.3,302.58,0.72,
SB_2023_ind22,Heat stress,24,16,2,30-Jun-23,13:23,11,25.4,13.7,347.98,0.37,
SB_2023_ind24,Heat stress,24,16,2,30-Jun-23,13:23,11,27.1,15.4,417.34,0.78,
SB_2023_ind25,Heat stress,24,16,2,30-Jun-23,13:23,9,22.9,13.3,304.57,0.4,
SB_2023_ind29,Heat stress,24,16,2,30-Jun-23,13:23,14,21.8,11.6,252.88,0.28,
SB_2023_ind30,Heat stress,24,16,2,30-Jun-23,13:23,10,17.4,9.6,167.04,0.12,
SB_2023_ind37,Heat stress,24,16,2,30-Jun-23,13:23,7,25.2,13.7,345.24,0.44,
SB_2023_ind38,Heat stress,24,16,2,30-Jun-23,13:23,7,20.8,11.6,241.28,0.22,
SB_2023_ind40,Heat stress,24,16,2,30-Jun-23,15:40,6,23.4,12.5,292.5,0.41,
SB_2023_ind44,Heat stress,24,16,2,30-Jun-23,15:40,9,31.9,16.5,526.35,1.11,barnacles on shell inflated weight
SB_2023_ind44,Heat stress,24,16,2,30-Jun-23,13:23,8,17.5,8.9,155.75,0.11,
SB_2023_ind5,Heat stress,24,16,2,30-Jun-23,13:23,10,26.7,15.7,419.19,0.62,
SB_2023_ind50,Heat stress,24,16,2,30-Jun-23,13:23,7,18.3,11,201.3,0.18,
SB_2023_ind52,Heat stress,24,16,2,30-Jun-23,13:23,8,22.3,11.2,249.76,0.4,
SB_2023_ind54,Heat stress,24,16,2,30-Jun-23,13:23,7,17.3,9,155.7,0.12,
SB_2023_ind56,Heat stress,24,16,2,30-Jun-23,13:23,6,15.5,8.4,130.2,0.11,
SB_2023_ind57,Heat stress,24,16,2,30-Jun-23,13:23,7,21.2,13.3,281.96,0.8,
SB_2023_ind59,Heat stress,24,16,2,30-Jun-23,13:23,5,20.6,11.4,234.84,0.32,
SB_2023_ind6,Heat stress,24,16,2,30-Jun-23,15:40,15,27.1,14.9,403.79,0.71,
SB_2023_ind6,Heat stress,24,16,2,30-Jun-23,13:23,14,12.7,7.4,93.98,0.07,
SB_2023_ind61,Heat stress,24,16,2,30-Jun-23,13:23,7,18.8,8.8,165.44,0.15,
SB_2023_ind64,Heat stress,24,16,2,30-Jun-23,13:23,6,24.9,12.5,311.25,0.48,
SB_2023_ind65,Heat stress,24,16,2,30-Jun-23,13:23,10,24,12.3,295.2,0.33,
SB_2023_ind65,Heat stress,24,16,2,30-Jun-23,13:23,11,14.5,8.4,121.8,0.07,
SB_2023_ind68,Heat stress,24,16,2,30-Jun-23,13:23,12,16.7,10,167,0.22,
SB_2023_ind69,Heat stress,24,16,2,30-Jun-23,13:23,10,32.8,17.4,570.72,1.35,
SB_2023_ind71,Heat stress,24,16,2,30-Jun-23,15:40,2,37.6,18.6,699.36,1.57,
SB_2023_ind10,Heat stress,25,17,2,01-Jul-23,11:30,11,21.6,12.1,261.36,0.3,
SB_2023_ind12,Heat stress,25,17,2,01-Jul-23,11:30,5,15,8.4,126,0.29,
SB_2023_ind20,Heat stress,25,17,2,01-Jul-23,11:30,9,22.5,11.5,258.75,0.36,
SB_2023_ind22,Heat stress,25,17,2,01-Jul-23,11:30,12,16.3,8.3,135.29,0.26,
SB_2023_ind26,Heat stress,25,17,2,01-Jul-23,11:30,5,16.2,9.4,152.28,0.21,
SB_2023_ind27,Heat stress,25,17,2,01-Jul-23,11:30,3,21.5,10.5,225.75,0.29,
SB_2023_ind28,Heat stress,25,17,2,01-Jul-23,11:30,8,25,13.1,327.5,0.78,
SB_2023_ind3,Heat stress,25,17,2,01-Jul-23,11:30,4,18.9,10,189,0.19,
SB_2023_ind30,Heat stress,25,17,2,01-Jul-23,11:30,11,24.6,13.5,332.1,0.48,
SB_2023_ind31,Heat stress,25,17,2,01-Jul-23,11:30,7,21.1,11.2,236.32,0.23,
SB_2023_ind32,Heat stress,25,17,2,01-Jul-23,11:30,12,29.2,17.5,511,0.76,
SB_2023_ind32,Heat stress,25,17,2,01-Jul-23,11:30,13,22.7,12.4,281.48,0.32,
SB_2023_ind35,Heat stress,25,17,2,01-Jul-23,11:30,6,27.3,15.8,431.34,0.71,
SB_2023_ind37,Heat stress,25,17,2,01-Jul-23,11:30,8,27.4,10.5,287.7,0.16,
SB_2023_ind37,Heat stress,25,17,2,01-Jul-23,11:30,9,25.9,14.4,372.96,0.57,
SB_2023_ind38,Heat stress,25,17,2,01-Jul-23,11:30,8,20.5,11.1,227.55,0.22,
SB_2023_ind39,Heat stress,25,17,2,01-Jul-23,11:30,5,20.9,12.2,254.98,0.34,
SB_2023_ind4,Heat stress,25,17,2,01-Jul-23,11:30,10,11.9,6.5,77.35,0,
SB_2023_ind4,Heat stress,25,17,2,01-Jul-23,11:30,9,11,5.7,62.7,0,
SB_2023_ind40,Heat stress,25,17,2,01-Jul-23,11:30,7,22.2,12.9,286.38,0.48,
SB_2023_ind41,Heat stress,25,17,2,01-Jul-23,11:30,6,22.4,12.3,275.52,0.55,
SB_2023_ind43,Heat stress,25,17,2,01-Jul-23,11:30,12,25,13.2,330,0.42,
SB_2023_ind47,Heat stress,25,17,2,01-Jul-23,11:30,11,20.3,21.5,436.45,0.36,
SB_2023_ind48,Heat stress,25,17,2,01-Jul-23,11:30,12,25.6,14.6,373.76,0.67,
SB_2023_ind49,Heat stress,25,17,2,01-Jul-23,11:30,10,21.7,12,260.4,0.36,
SB_2023_ind51,Heat stress,25,17,2,01-Jul-23,11:30,9,20.9,12.4,259.16,0.56,
SB_2023_ind52,Heat stress,25,17,2,01-Jul-23,11:30,9,15.3,9,137.7,0.22,
SB_2023_ind54,Heat stress,25,17,2,01-Jul-23,11:30,8,21.5,12.4,266.6,0.4,
SB_2023_ind55,Heat stress,25,17,2,01-Jul-23,11:30,13,16.8,9.8,164.64,0.17,
SB_2023_ind56,Heat stress,25,17,2,01-Jul-23,11:30,7,21.1,11,232.1,0.2,
SB_2023_ind59,Heat stress,25,17,2,01-Jul-23,11:30,6,22.3,11.9,265.37,0.43,
SB_2023_ind61,Heat stress,25,17,2,01-Jul-23,11:30,8,14.5,12.7,184.15,0.12,
SB_2023_ind62,Heat stress,25,17,2,01-Jul-23,11:30,6,24,12,288,0.52,
SB_2023_ind62,Heat stress,25,17,2,01-Jul-23,11:30,7,22.7,13.2,299.64,0.44,
SB_2023_ind63,Heat stress,25,17,2,01-Jul-23,11:30,16,27.6,15.5,427.8,0.75,
SB_2023_ind63,Heat stress,25,17,2,01-Jul-23,11:30,15,25.6,15.1,386.56,0.6,
SB_2023_ind68,Heat stress,25,17,2,01-Jul-23,11:30,13,24.3,12.5,303.75,0.47,
SB_2023_ind70,Heat stress,25,17,2,01-Jul-23,11:30,11,14.3,7.6,108.68,0.06,
SB_2023_ind72,Heat stress,25,17,2,01-Jul-23,11:30,13,20.1,11.3,227.13,0.47,
SB_2023_ind1,Recovery,26,18,2,02-Jul-23,13:15,8,18.3,10.5,192.15,0.17,
SB_2023_ind1,Recovery,26,18,2,02-Jul-23,13:15,9,15.2,8.2,124.64,0.11,
SB_2023_ind10,Recovery,26,18,2,02-Jul-23,13:15,12,32.8,18.4,603.52,1.05,
SB_2023_ind10,Recovery,26,18,2,02-Jul-23,13:15,14,22.7,12.8,290.56,0.34,
SB_2023_ind10,Recovery,26,18,2,02-Jul-23,13:15,13,17.3,9.8,169.54,0.1,
SB_2023_ind14,Recovery,26,18,2,02-Jul-23,13:15,10,27.7,14.2,393.34,0.54,
SB_2023_ind16,Recovery,26,18,2,02-Jul-23,13:15,7,23,13.8,317.4,0.48,
SB_2023_ind17,Recovery,26,18,2,02-Jul-23,13:15,8,35.3,18.1,638.93,1.1,
SB_2023_ind2,Recovery,26,18,2,02-Jul-23,13:15,13,21.6,12.7,274.32,0.29,
SB_2023_ind20,Recovery,26,18,2,02-Jul-23,13:15,10,17,8.3,141.1,0.12,
SB_2023_ind24,Recovery,26,18,2,02-Jul-23,13:15,12,25.7,13.4,344.38,0.49,
SB_2023_ind25,Recovery,26,18,2,02-Jul-23,13:15,10,27.7,14.9,412.73,0.56,
SB_2023_ind26,Recovery,26,18,2,02-Jul-23,13:15,6,15.3,9.4,143.82,0.07,
SB_2023_ind27,Recovery,26,18,2,02-Jul-23,13:15,4,25.5,15.2,387.6,0.54,
SB_2023_ind29,Recovery,26,18,2,02-Jul-23,13:15,15,23.7,12.8,303.36,0.35,
SB_2023_ind33,Recovery,26,18,2,02-Jul-23,13:15,5,25.9,13,336.7,0.39,
SB_2023_ind33,Recovery,26,18,2,02-Jul-23,13:15,6,20.7,11,227.7,0.33,
SB_2023_ind34,Recovery,26,18,2,02-Jul-23,13:15,10,22.8,12.3,280.44,0.29,
SB_2023_ind34,Recovery,26,18,2,02-Jul-23,13:15,9,12.5,7,87.5,0.07,
SB_2023_ind35,Recovery,26,18,2,02-Jul-23,13:15,7,30.4,16.6,504.64,0.79,
SB_2023_ind37,Recovery,26,18,2,02-Jul-23,13:15,11,23.9,11,262.9,0.32,
SB_2023_ind37,Recovery,26,18,2,02-Jul-23,13:15,10,17.8,10,178,0.15,
SB_2023_ind4,Recovery,26,18,2,02-Jul-23,13:15,11,17.8,9.3,165.54,0.12,
SB_2023_ind42,Recovery,26,18,2,02-Jul-23,13:15,7,27.5,15.5,426.25,0.56,
SB_2023_ind43,Recovery,26,18,2,02-Jul-23,13:15,13,23.7,12.3,291.51,0.35,
SB_2023_ind44,Recovery,26,18,2,02-Jul-23,13:15,10,26.9,15.5,416.95,0.48,
SB_2023_ind47,Recovery,26,18,2,02-Jul-23,13:15,12,29.1,17.2,500.52,0.8,
SB_2023_ind48,Recovery,26,18,2,02-Jul-23,13:15,13,31,18.3,567.3,0.85,
SB_2023_ind48,Recovery,26,18,2,02-Jul-23,13:15,14,29.5,14.5,427.75,0.72,
SB_2023_ind49,Recovery,26,18,2,02-Jul-23,13:15,11,29.3,15.4,451.22,0.61,
SB_2023_ind5,Recovery,26,18,2,02-Jul-23,13:15,11,31.5,16.3,513.45,0.95,
SB_2023_ind50,Recovery,26,18,2,02-Jul-23,13:15,8,18,10.2,183.6,0.17,
SB_2023_ind50,Recovery,26,18,2,02-Jul-23,13:15,9,16.6,9.6,159.36,0.15,
SB_2023_ind51,Recovery,26,18,2,02-Jul-23,13:15,10,17.3,16.8,290.64,0.75,
SB_2023_ind52,Recovery,26,18,2,02-Jul-23,13:15,10,16.4,8.4,137.76,0.16,
SB_2023_ind54,Recovery,26,18,2,02-Jul-23,13:15,9,23.5,12.7,298.45,0.38,
SB_2023_ind56,Recovery,26,18,2,02-Jul-23,13:15,8,19.9,11,218.9,0.15,
SB_2023_ind57,Recovery,26,18,2,02-Jul-23,13:15,8,19.9,11.8,234.82,0.27,
SB_2023_ind59,Recovery,26,18,2,02-Jul-23,13:15,7,22.3,13,289.9,0.31,
SB_2023_ind6,Recovery,26,18,2,02-Jul-23,13:15,16,22.3,13,289.9,0.27,
SB_2023_ind61,Recovery,26,18,2,02-Jul-23,13:15,9,19.6,11.2,219.52,0.18,
SB_2023_ind63,Recovery,26,18,2,02-Jul-23,13:15,17,30.4,16.3,495.52,1.09,
SB_2023_ind64,Recovery,26,18,2,02-Jul-23,13:15,7,31.4,17.6,552.64,1.07,
SB_2023_ind66,Recovery,26,18,2,02-Jul-23,13:15,4,22.8,14.3,326.04,0.39,
SB_2023_ind66,Recovery,26,18,2,02-Jul-23,13:15,3,16.8,9.7,162.96,0.14,
SB_2023_ind69,Recovery,26,18,2,02-Jul-23,13:15,11,19.7,10.5,206.85,0.21,
SB_2023_ind69,Recovery,26,18,2,02-Jul-23,13:15,12,19.5,9.7,189.15,0.22,
SB_2023_ind70,Recovery,26,18,2,02-Jul-23,13:15,12,22.6,12.2,275.72,0.31,
SB_2023_ind71,Recovery,26,18,2,02-Jul-23,13:15,3,20.9,11.8,246.62,0.23,
SB_2023_ind10,Recovery,27,19,2,03-Jul-23,15:00,15,18.8,10.1,189.88,0.18,
SB_2023_ind12,Recovery,27,19,2,03-Jul-23,15:00,6,20,11.7,234,0.25,
SB_2023_ind14,Recovery,27,19,2,03-Jul-23,15:00,11,26.6,13.4,356.44,0.66,
SB_2023_ind16,Recovery,27,19,2,03-Jul-23,15:00,8,25,13.8,345,0.69,
SB_2023_ind22,Recovery,27,19,2,03-Jul-23,15:00,13,29.6,16.6,491.36,0.75,
SB_2023_ind24,Recovery,27,19,2,03-Jul-23,15:00,13,31.7,16,507.2,1.19,
SB_2023_ind27,Recovery,27,19,2,03-Jul-23,15:00,5,24.5,14.6,357.7,0.4,
SB_2023_ind28,Recovery,27,19,2,03-Jul-23,15:00,9,27.6,16.8,463.68,0.65,
SB_2023_ind29,Recovery,27,19,2,03-Jul-23,15:00,16,19.4,11.5,223.1,0.18,
SB_2023_ind3,Recovery,27,19,2,03-Jul-23,15:00,5,23.9,11.9,284.41,0.51,
SB_2023_ind30,Recovery,27,19,2,03-Jul-23,15:00,12,22.2,11.6,257.52,0.49,
SB_2023_ind31,Recovery,27,19,2,03-Jul-23,15:00,8,18.6,10.9,202.74,0.27,
SB_2023_ind33,Recovery,27,19,2,03-Jul-23,15:00,7,29.5,15.6,460.2,0.66,
SB_2023_ind34,Recovery,27,19,2,03-Jul-23,15:00,11,17.7,9.4,166.38,0.19,
SB_2023_ind35,Recovery,27,19,2,03-Jul-23,15:00,8,26.5,14.3,378.95,0.69,
SB_2023_ind36,Recovery,27,19,2,03-Jul-23,15:00,2,21.6,11.8,254.88,0.29,
SB_2023_ind39,Recovery,27,19,2,03-Jul-23,15:00,6,23.7,14.1,334.17,0.46,
SB_2023_ind40,Recovery,27,19,2,03-Jul-23,15:00,8,27,14.6,394.2,0.6,
SB_2023_ind41,Recovery,27,19,2,03-Jul-23,15:00,7,33.4,17.4,581.16,0.97,
SB_2023_ind43,Recovery,27,19,2,03-Jul-23,15:00,14,30,15.7,471,0.72,
SB_2023_ind44,Recovery,27,19,2,03-Jul-23,15:00,11,30.3,14.7,445.41,0.58,
SB_2023_ind46,Recovery,27,19,2,03-Jul-23,15:00,2,26.5,16.7,442.55,0.7,
SB_2023_ind48,Recovery,27,19,2,03-Jul-23,15:00,15,27.7,14,387.8,0.47,
SB_2023_ind49,Recovery,27,19,2,03-Jul-23,15:00,12,26.5,12.4,328.6,0.38,
SB_2023_ind5,Recovery,27,19,2,03-Jul-23,15:00,12,29.8,15.2,452.96,0.91,
SB_2023_ind51,Recovery,27,19,2,03-Jul-23,15:00,11,22.1,11.7,258.57,0.32,
SB_2023_ind56,Recovery,27,19,2,03-Jul-23,15:00,9,18.4,11.3,207.92,0.32,
SB_2023_ind6,Recovery,27,19,2,03-Jul-23,15:00,17,26.5,16.8,445.2,0.7,
SB_2023_ind60,Recovery,27,19,2,03-Jul-23,15:00,5,20.6,11.8,243.08,0.23,
SB_2023_ind62,Recovery,27,19,2,03-Jul-23,15:00,8,28.3,15.7,444.31,0.61,
SB_2023_ind62,Recovery,27,19,2,03-Jul-23,15:00,9,23.8,13.6,323.68,0.37,
SB_2023_ind63,Recovery,27,19,2,03-Jul-23,15:00,18,33.7,17.3,583.01,1.03,
SB_2023_ind64,Recovery,27,19,2,03-Jul-23,15:00,8,21.4,10.7,228.98,0.21,
SB_2023_ind68,Recovery,27,19,2,03-Jul-23,15:00,14,25.3,14.8,374.44,0.52,
SB_2023_ind69,Recovery,27,19,2,03-Jul-23,15:00,13,32.1,17.8,571.38,1.02,
SB_2023_ind7,Recovery,27,19,2,03-Jul-23,15:00,11,10.7,6.1,65.27,0,
SB_2023_ind71,Recovery,27,19,2,03-Jul-23,15:00,5,27.3,14.5,395.85,0.68,
SB_2023_ind71,Recovery,27,19,2,03-Jul-23,15:00,4,18.2,9.6,174.72,0.15,
SB_2023_ind72,Recovery,27,19,2,03-Jul-23,15:00,14,11.8,6.3,74.34,0.05,
SB_2023_ind8,Recovery,27,19,2,03-Jul-23,15:00,2,17.7,10.2,180.54,0.17,
SB_2023_ind12,Recovery,28,20,2,04-Jul-23,16:10,7,11.7,7.2,84.24,0.05,
SB_2023_ind14,Recovery,28,20,2,04-Jul-23,16:10,12,31.8,17.6,559.68,1.31,
SB_2023_ind16,Recovery,28,20,2,04-Jul-23,16:10,9,24.9,14.2,353.58,0.55,
SB_2023_ind2,Recovery,28,20,2,04-Jul-23,16:10,14,15,8.2,123,0.15,
SB_2023_ind24,Recovery,28,20,2,04-Jul-23,16:10,14,31.9,18.2,580.58,0.98,
SB_2023_ind27,Recovery,28,20,2,04-Jul-23,16:10,6,23.1,12.7,293.37,0.4,
SB_2023_ind28,Recovery,28,20,2,04-Jul-23,16:10,10,27.2,14.7,399.84,0.98,
SB_2023_ind29,Recovery,28,20,2,04-Jul-23,16:10,17,21.8,12.2,265.96,0.49,
SB_2023_ind30,Recovery,28,20,2,04-Jul-23,16:10,13,30.4,17.3,525.92,1.02,
SB_2023_ind32,Recovery,28,20,2,04-Jul-23,16:10,14,21.8,12.5,272.5,0.61,
SB_2023_ind35,Recovery,28,20,2,04-Jul-23,16:10,9,23.7,12.7,300.99,0.46,
SB_2023_ind36,Recovery,28,20,2,04-Jul-23,16:10,3,19.5,11,214.5,0.28,
SB_2023_ind38,Recovery,28,20,2,04-Jul-23,16:10,9,26.9,13.5,363.15,0.73,
SB_2023_ind41,Recovery,28,20,2,04-Jul-23,16:10,8,37.6,19.8,744.48,2.11,
SB_2023_ind44,Recovery,28,20,2,04-Jul-23,16:10,12,35,19.3,675.5,1.39,
SB_2023_ind46,Recovery,28,20,2,04-Jul-23,16:10,3,26.4,15.3,403.92,0.83,
SB_2023_ind47,Recovery,28,20,2,04-Jul-23,16:10,13,28.1,15.7,441.17,0.62,
SB_2023_ind48,Recovery,28,20,2,04-Jul-23,16:10,16,30.3,17.3,524.19,0.82,
SB_2023_ind49,Recovery,28,20,2,04-Jul-23,16:10,13,28.7,15.7,450.59,0.85,
SB_2023_ind55,Recovery,28,20,2,04-Jul-23,16:10,14,18.7,10.7,200.09,0.23,
SB_2023_ind59,Recovery,28,20,2,04-Jul-23,16:10,8,18.4,10.8,198.72,0.24,
SB_2023_ind60,Recovery,28,20,2,04-Jul-23,16:10,6,32,16,512,1.14,
SB_2023_ind61,Recovery,28,20,2,04-Jul-23,16:10,10,25.6,13.2,337.92,0.56,
SB_2023_ind64,Recovery,28,20,2,04-Jul-23,16:10,9,28.4,15.8,448.72,0.86,
SB_2023_ind65,Recovery,28,20,2,04-Jul-23,16:10,13,28.7,15.2,436.24,0.96,
SB_2023_ind65,Recovery,28,20,2,04-Jul-23,16:10,12,20.9,11.4,238.26,0.4,
SB_2023_ind68,Recovery,28,20,2,04-Jul-23,16:10,15,19.7,10.8,212.76,0.19,
SB_2023_ind69,Recovery,28,20,2,04-Jul-23,16:10,14,34.8,18.8,654.24,1.75,
SB_2023_ind7,Recovery,28,20,2,04-Jul-23,16:10,12,24.8,14.8,367.04,0.58,
SB_2023_ind70,Recovery,28,20,2,04-Jul-23,16:10,13,21.5,12,258,0.51,
SB_2023_ind71,Recovery,28,20,2,04-Jul-23,16:10,6,37.7,21.4,806.78,1.75,
SB_2023_ind72,Recovery,28,20,2,04-Jul-23,16:10,16,16.8,9.4,157.92,0.25,
SB_2023_ind72,Recovery,28,20,2,04-Jul-23,16:10,15,13.5,7.7,103.95,0.1,
SB_2023_ind10,Recovery,29,21,2,05-Jul-23,14:25,16,37.2,21.4,796.08,1.34,
SB_2023_ind12,Recovery,29,21,2,05-Jul-23,14:25,8,11.7,6.5,76.05,0.05,
SB_2023_ind14,Recovery,29,21,2,05-Jul-23,14:25,13,29.2,16.2,473.04,0.68,
SB_2023_ind17,Recovery,29,21,2,05-Jul-23,14:25,9,30.3,15.3,463.59,0.8,
SB_2023_ind2,Recovery,29,21,2,05-Jul-23,14:25,15,14.3,8,114.4,0.08,
SB_2023_ind22,Recovery,29,21,2,05-Jul-23,14:25,14,29.8,15.5,461.9,0.9,
SB_2023_ind25,Recovery,29,21,2,05-Jul-23,14:25,11,32.2,16.6,534.52,1.08,
SB_2023_ind27,Recovery,29,21,2,05-Jul-23,14:25,7,21.9,11.8,258.42,0.38,
SB_2023_ind29,Recovery,29,21,2,05-Jul-23,14:25,18,18.7,10.5,196.35,0.18,
SB_2023_ind29,Recovery,29,21,2,05-Jul-23,14:25,19,13.2,7.4,97.68,0.08,
SB_2023_ind30,Recovery,29,21,2,05-Jul-23,14:25,14,17.7,10.9,192.93,0.22,
SB_2023_ind31,Recovery,29,21,2,05-Jul-23,14:25,10,14.4,7.4,106.56,0.09,
SB_2023_ind31,Recovery,29,21,2,05-Jul-23,14:25,9,12.5,7.3,91.25,0.07,
SB_2023_ind32,Recovery,29,21,2,05-Jul-23,14:25,16,31.3,16.9,528.97,1.22,
SB_2023_ind32,Recovery,29,21,2,05-Jul-23,14:25,15,17.2,9.4,161.68,0.19,
SB_2023_ind33,Recovery,29,21,2,05-Jul-23,14:25,8,25.3,13.5,341.55,0.55,
SB_2023_ind34,Recovery,29,21,2,05-Jul-23,14:25,12,22.1,11.8,260.78,0.28,
SB_2023_ind37,Recovery,29,21,2,05-Jul-23,14:25,12,24.9,13.7,341.13,0.49,
SB_2023_ind38,Recovery,29,21,2,05-Jul-23,14:25,10,18.9,10.5,198.45,0.23,
SB_2023_ind39,Recovery,29,21,2,05-Jul-23,14:25,7,26.8,14.9,399.32,0.56,
SB_2023_ind39,Recovery,29,21,2,05-Jul-23,14:25,8,18.6,9.7,180.42,0.2,
SB_2023_ind4,Recovery,29,21,2,05-Jul-23,14:25,13,21.5,11.6,249.4,0.25,
SB_2023_ind4,Recovery,29,21,2,05-Jul-23,14:25,12,19.4,10,194,0.2,
SB_2023_ind43,Recovery,29,21,2,05-Jul-23,14:25,15,34,17.8,605.2,0.91,
SB_2023_ind46,Recovery,29,21,2,05-Jul-23,14:25,4,24.3,14,340.2,0.66,
SB_2023_ind47,Recovery,29,21,2,05-Jul-23,14:25,14,27.2,14.8,402.56,0.76,
SB_2023_ind5,Recovery,29,21,2,05-Jul-23,14:25,13,35.6,17.5,623,1.12,
SB_2023_ind50,Recovery,29,21,2,05-Jul-23,14:25,10,17.3,9.9,171.27,0.17,
SB_2023_ind51,Recovery,29,21,2,05-Jul-23,14:25,12,20.3,11.5,233.45,0.25,
SB_2023_ind52,Recovery,29,21,2,05-Jul-23,14:25,11,18.3,10.2,186.66,0.22,
SB_2023_ind56,Recovery,29,21,2,05-Jul-23,14:25,10,21.5,22.1,475.15,0.36,
SB_2023_ind59,Recovery,29,21,2,05-Jul-23,14:25,9,22.2,10.7,237.54,0.39,
SB_2023_ind6,Recovery,29,21,2,05-Jul-23,14:25,19,22.7,12,272.4,0.28,
SB_2023_ind6,Recovery,29,21,2,05-Jul-23,14:25,18,22.4,13.2,295.68,0.24,
SB_2023_ind62,Recovery,29,21,2,05-Jul-23,14:25,10,34.8,18.7,650.76,1.19,
SB_2023_ind63,Recovery,29,21,2,05-Jul-23,14:25,19,28.8,16,460.8,1.01,
SB_2023_ind64,Recovery,29,21,2,05-Jul-23,14:25,10,24.7,14.9,368.03,0.57,
SB_2023_ind68,Recovery,29,21,2,05-Jul-23,14:25,16,25.2,12.8,322.56,0.41,
SB_2023_ind71,Recovery,29,21,2,05-Jul-23,14:25,7,25.9,14.3,370.37,0.48,
SB_2023_ind8,Recovery,29,21,2,05-Jul-23,14:25,4,19,11.3,214.7,0.26,
SB_2023_ind8,Recovery,29,21,2,05-Jul-23,14:25,3,16.8,10,168,0.2,
SB_2023_ind1,Recovery,30,22,2,06-Jul-23,14:25,10,12.3,6.9,84.87,0.08,
SB_2023_ind10,Recovery,30,22,2,06-Jul-23,14:25,17,25.4,13.8,350.52,0.48,
SB_2023_ind12,Recovery,30,22,2,06-Jul-23,14:25,9,18.1,10,181,0.22,
SB_2023_ind12,Recovery,30,22,2,06-Jul-23,14:25,10,17.3,9.4,162.62,0.17,
SB_2023_ind13,Recovery,30,22,2,06-Jul-23,14:25,11,20.5,11.3,231.65,0.27,
SB_2023_ind14,Recovery,30,22,2,06-Jul-23,14:25,14,37.1,20,742,1.35,
SB_2023_ind15,Recovery,30,22,2,06-Jul-23,14:25,10,27.5,14.6,401.5,0.64,
SB_2023_ind16,Recovery,30,22,2,06-Jul-23,14:25,10,32.3,16.8,542.64,1.38,
SB_2023_ind16,Recovery,30,22,2,06-Jul-23,14:25,11,13,6.7,87.1,0.09,
SB_2023_ind17,Recovery,30,22,2,06-Jul-23,14:25,10,28.5,15.6,444.6,0.68,
SB_2023_ind2,Recovery,30,22,2,06-Jul-23,14:25,16,16.8,10,168,0.18,
SB_2023_ind27,Recovery,30,22,2,06-Jul-23,14:25,8,22.9,12,274.8,0.33,
SB_2023_ind28,Recovery,30,22,2,06-Jul-23,14:25,11,23.8,16.8,399.84,0.56,
SB_2023_ind29,Recovery,30,22,2,06-Jul-23,14:25,20,13.6,7.2,97.92,0.06,
SB_2023_ind29,Recovery,30,22,2,06-Jul-23,14:25,21,10,5.8,58,0.05,
SB_2023_ind3,Recovery,30,22,2,06-Jul-23,14:25,6,20.6,11.6,238.96,0.33,
SB_2023_ind30,Recovery,30,22,2,06-Jul-23,14:25,15,23.8,12.8,304.64,0.41,
SB_2023_ind34,Recovery,30,22,2,06-Jul-23,14:25,13,17.7,10.1,178.77,0.24,
SB_2023_ind41,Recovery,30,22,2,06-Jul-23,14:25,9,30.3,15.5,469.65,0.7,
SB_2023_ind42,Recovery,30,22,2,06-Jul-23,14:25,10,16.5,9.8,161.7,0.14,
SB_2023_ind42,Recovery,30,22,2,06-Jul-23,14:25,9,15.7,8.8,138.16,0.12,
SB_2023_ind42,Recovery,30,22,2,06-Jul-23,14:25,8,6.6,4.4,29.04,0,
SB_2023_ind44,Recovery,30,22,2,06-Jul-23,14:25,13,39.2,20.4,799.68,1.45,
SB_2023_ind46,Recovery,30,22,2,06-Jul-23,14:25,5,27.2,13.7,372.64,0.56,
SB_2023_ind52,Recovery,30,22,2,06-Jul-23,14:25,12,25.3,13.8,349.14,0.35,
SB_2023_ind57,Recovery,30,22,2,06-Jul-23,14:25,9,19.2,11.1,213.12,0.21,
SB_2023_ind6,Recovery,30,22,2,06-Jul-23,14:25,20,22.9,12.7,290.83,0.37,
SB_2023_ind61,Recovery,30,22,2,06-Jul-23,14:25,11,19.4,11.1,215.34,0.29,
SB_2023_ind62,Recovery,30,22,2,06-Jul-23,14:25,11,32.3,17.8,574.94,0.9,
SB_2023_ind63,Recovery,30,22,2,06-Jul-23,14:25,20,31.5,18.2,573.3,1.54,
SB_2023_ind69,Recovery,30,22,2,06-Jul-23,14:25,15,24.2,13.4,324.28,0.39,
SB_2023_ind70,Recovery,30,22,2,06-Jul-23,14:25,14,15.2,8.7,132.24,0.13,
SB_2023_ind71,Recovery,30,22,2,06-Jul-23,14:25,8,30.3,17,515.1,0.79,
SB_2023_ind8,Recovery,30,22,2,06-Jul-23,14:25,5,13.1,7.4,96.94,0.07,
SB_2023_ind1,Recovery,31,23,2,07-Jul-23,15:30,11,16.8,9.6,161.28,0.13,
SB_2023_ind12,Recovery,31,23,2,07-Jul-23,15:30,11,11.6,6.7,77.72,0.09,
SB_2023_ind13,Recovery,31,23,2,07-Jul-23,15:30,12,17.7,10.7,189.39,0.14,
SB_2023_ind17,Recovery,31,23,2,07-Jul-23,15:30,11,22.1,12.7,280.67,0.37,
SB_2023_ind2,Recovery,31,23,2,07-Jul-23,15:30,17,22.2,13.6,301.92,0.47,
SB_2023_ind27,Recovery,31,23,2,07-Jul-23,15:30,9,25.4,14.4,365.76,0.48,
SB_2023_ind29,Recovery,31,23,2,07-Jul-23,15:30,22,26.7,14.3,381.81,0.54,
SB_2023_ind3,Recovery,31,23,2,07-Jul-23,15:30,7,19.5,10.5,204.75,0.26,
SB_2023_ind3,Recovery,31,23,2,07-Jul-23,15:30,8,13.7,8.4,115.08,0.08,
SB_2023_ind32,Recovery,31,23,2,07-Jul-23,15:30,17,26.3,13.9,365.57,0.43,
SB_2023_ind33,Recovery,31,23,2,07-Jul-23,15:30,9,21.4,11.5,246.1,0.29,
SB_2023_ind36,Recovery,31,23,2,07-Jul-23,15:30,4,15.8,8.7,137.46,0.14,
SB_2023_ind37,Recovery,31,23,2,07-Jul-23,15:30,13,30.7,16.4,503.48,0.71,
SB_2023_ind42,Recovery,31,23,2,07-Jul-23,15:30,12,26.2,14.3,374.66,0.55,
SB_2023_ind42,Recovery,31,23,2,07-Jul-23,15:30,11,16.8,9.5,159.6,0.17,
SB_2023_ind43,Recovery,31,23,2,07-Jul-23,15:30,16,22,12.4,272.8,0.42,
SB_2023_ind43,Recovery,31,23,2,07-Jul-23,15:30,17,21.3,12.1,257.73,0.28,
SB_2023_ind46,Recovery,31,23,2,07-Jul-23,15:30,6,23.4,13.3,311.22,0.43,
SB_2023_ind47,Recovery,31,23,2,07-Jul-23,15:30,15,25.1,14.5,363.95,0.53,
SB_2023_ind51,Recovery,31,23,2,07-Jul-23,15:30,13,32.3,16.1,520.03,1.02,
SB_2023_ind52,Recovery,31,23,2,07-Jul-23,15:30,13,23.7,12.6,298.62,0.4,
SB_2023_ind55,Recovery,31,23,2,07-Jul-23,15:30,15,20.4,11.2,228.48,0.31,
SB_2023_ind56,Recovery,31,23,2,07-Jul-23,15:30,11,13.1,7.7,100.87,0.07,
SB_2023_ind65,Recovery,31,23,2,07-Jul-23,15:30,14,23.2,13.3,308.56,0.37,
SB_2023_ind69,Recovery,31,23,2,07-Jul-23,15:30,16,34.7,17.3,600.31,0.87,
SB_2023_ind7,Recovery,31,23,2,07-Jul-23,15:30,13,18.5,10.2,188.7,0.2,
SB_2023_ind72,Recovery,31,23,2,07-Jul-23,15:30,17,14,7.8,109.2,0.13,
SB_2023_ind10,Recovery,32,24,2,08-Jul-23,16:25,18,24.6,13.3,327.18,0.38,
SB_2023_ind12,Recovery,32,24,2,08-Jul-23,16:25,12,15.9,8.7,138.33,0.08,
SB_2023_ind2,Recovery,32,24,2,08-Jul-23,16:25,18,16.7,9.3,155.31,0.16,
SB_2023_ind20,Recovery,32,24,2,08-Jul-23,16:25,11,29.4,15.7,461.58,0.73,
SB_2023_ind24,Recovery,32,24,2,08-Jul-23,16:25,15,23.1,13.5,311.85,0.34,
SB_2023_ind25,Recovery,32,24,2,08-Jul-23,16:25,12,25.3,13.7,346.61,0.45,
SB_2023_ind28,Recovery,32,24,2,08-Jul-23,16:25,12,29.4,16.1,473.34,0.69,
SB_2023_ind32,Recovery,32,24,2,08-Jul-23,16:25,18,18.3,10.3,188.49,0.17,
SB_2023_ind33,Recovery,32,24,2,08-Jul-23,16:25,10,15.8,8.9,140.62,0.07,
SB_2023_ind34,Recovery,32,24,2,08-Jul-23,16:25,14,19.3,10.4,200.72,0.22,
SB_2023_ind35,Recovery,32,24,2,08-Jul-23,16:25,10,25.8,13.1,337.98,0.48,
SB_2023_ind36,Recovery,32,24,2,08-Jul-23,16:25,5,27.2,15.2,413.44,0.45,
SB_2023_ind38,Recovery,32,24,2,08-Jul-23,16:25,11,16.3,9.1,148.33,0.12,
SB_2023_ind40,Recovery,32,24,2,08-Jul-23,16:25,9,29.1,15.7,456.87,0.53,
SB_2023_ind41,Recovery,32,24,2,08-Jul-23,16:25,10,32.4,17.5,567,1.07,
SB_2023_ind41,Recovery,32,24,2,08-Jul-23,16:25,11,31.4,16.5,518.1,0.61,
SB_2023_ind42,Recovery,32,24,2,08-Jul-23,16:25,13,17.7,10.1,178.77,0.12,
SB_2023_ind43,Recovery,32,24,2,08-Jul-23,16:25,18,23.9,13.3,317.87,0.32,
SB_2023_ind47,Recovery,32,24,2,08-Jul-23,16:25,16,32.2,17.3,557.06,0.81,
SB_2023_ind48,Recovery,32,24,2,08-Jul-23,16:25,17,31.7,18,570.6,0.81,
SB_2023_ind5,Recovery,32,24,2,08-Jul-23,16:25,14,31.7,16.7,529.39,0.73,
SB_2023_ind50,Recovery,32,24,2,08-Jul-23,16:25,11,16.3,8.4,136.92,0.15,
SB_2023_ind54,Recovery,32,24,2,08-Jul-23,16:25,11,22.3,11.8,263.14,0.26,
SB_2023_ind54,Recovery,32,24,2,08-Jul-23,16:25,10,19.6,11.4,223.44,0.25,
SB_2023_ind57,Recovery,32,24,2,08-Jul-23,16:25,10,18,10.4,187.2,0.14,
SB_2023_ind59,Recovery,32,24,2,08-Jul-23,16:25,10,19.1,10.4,198.64,0.2,
SB_2023_ind6,Recovery,32,24,2,08-Jul-23,16:25,21,17.1,14.33,245.043,0.58,
SB_2023_ind60,Recovery,32,24,2,08-Jul-23,16:25,7,30.4,15.5,471.2,0.7,
SB_2023_ind62,Recovery,32,24,2,08-Jul-23,16:25,12,27.8,16.6,461.48,0.6,
SB_2023_ind63,Recovery,32,24,2,08-Jul-23,16:25,21,29.7,15.7,466.29,0.64,
SB_2023_ind64,Recovery,32,24,2,08-Jul-23,16:25,11,30.8,16.5,508.2,0.67,
SB_2023_ind66,Recovery,32,24,2,08-Jul-23,16:25,5,33.1,18.3,605.73,1.02,
SB_2023_ind66,Recovery,32,24,2,08-Jul-23,16:25,6,22.5,11.8,265.5,0.26,
SB_2023_ind68,Recovery,32,24,2,08-Jul-23,16:25,17,20.5,10.8,221.4,0.2,
SB_2023_ind68,Recovery,32,24,2,08-Jul-23,16:25,18,20.4,12.5,255,0.26,
SB_2023_ind69,Recovery,32,24,2,08-Jul-23,16:25,17,30.2,15.9,480.18,0.5,
SB_2023_ind7,Recovery,32,24,2,08-Jul-23,16:25,14,18.3,10.5,192.15,0.2,
SB_2023_ind72,Recovery,32,24,2,08-Jul-23,16:25,18,16.2,9,145.8,0.12,
